key,key:auditReport,name,notes,hours,kind
#base - entity
auditSection-01,auditReport-01,"Lorem ipsum dolor sit amet, consectetu","Lorem ipsum dolor sit amet,consectetur adipiscing elit. Sed do: eiusmod tempor incididunt ut labore et dolore magna aliqua! Ut*",5,PRELIMINARY
#auditReport - standar
auditSection-02,auditReport-53,"Lorem ipsum dolor sit amet, consectetu","Lorem ipsum dolor sit amet,consectetur adipiscing elit. Sed do: eiusmod tempor incididunt ut labore et dolore magna aliqua! Ut*",5,PRELIMINARY
auditSection-03,auditReport-54,"Lorem ipsum dolor sit amet, consectetu","Lorem ipsum dolor sit amet,consectetur adipiscing elit. Sed do: eiusmod tempor incididunt ut labore et dolore magna aliqua! Ut*",5,PRELIMINARY
#name - standar
auditSection-04,auditReport-01,"A","Lorem ipsum dolor sit amet,consectetur adipiscing elit. Sed do: eiusmod tempor incididunt ut labore et dolore magna aliqua! Ut*",5,PRELIMINARY
auditSection-05,auditReport-01,"Lo","Lorem ipsum dolor sit amet,consectetur adipiscing elit. Sed do: eiusmod tempor incididunt ut labore et dolore magna aliqua! Ut*",5,PRELIMINARY
auditSection-06,auditReport-01,"Lorem ipsum dolor sit amet, consectetur adipiscing elit. Sed do: eiusmod t","Lorem ipsum dolor sit amet,consectetur adipiscing elit. Sed do: eiusmod tempor incididunt ut labore et dolore magna aliqua! Ut*",5,PRELIMINARY
auditSection-07,auditReport-01,"Lorem ipsum dolor sit amet, consectetur adipiscing elit. Sed do: eiusmod te","Lorem ipsum dolor sit amet,consectetur adipiscing elit. Sed do: eiusmod tempor incididunt ut labore et dolore magna aliqua! Ut*",5,PRELIMINARY
auditSection-08,auditReport-01,"<b>Preliminary Audit</b>","Lorem ipsum dolor sit amet,consectetur adipiscing elit. Sed do: eiusmod tempor incididunt ut labore et dolore magna aliqua! Ut*",5,PRELIMINARY
auditSection-09,auditReport-01,"Section'; DROP TABLE audit; --","Lorem ipsum dolor sit amet,consectetur adipiscing elit. Sed do: eiusmod tempor incididunt ut labore et dolore magna aliqua! Ut*",5,PRELIMINARY
auditSection-10,auditReport-01,"Überprüfung Abschnitt","Lorem ipsum dolor sit amet,consectetur adipiscing elit. Sed do: eiusmod tempor incididunt ut labore et dolore magna aliqua! Ut*",5,PRELIMINARY
auditSection-11,auditReport-01,"โลเร็ม อิปซัม","Lorem ipsum dolor sit amet,consectetur adipiscing elit. Sed do: eiusmod tempor incididunt ut labore et dolore magna aliqua! Ut*",5,PRELIMINARY
auditSection-12,auditReport-01,"لوريم إيبسوم","Lorem ipsum dolor sit amet,consectetur adipiscing elit. Sed do: eiusmod tempor incididunt ut labore et dolore magna aliqua! Ut*",5,PRELIMINARY
auditSection-13,auditReport-01,"洛伦·伊普森","Lorem ipsum dolor sit amet,consectetur adipiscing elit. Sed do: eiusmod tempor incididunt ut labore et dolore magna aliqua! Ut*",5,PRELIMINARY
#notes - standar
auditSection-14,auditReport-01,"Lorem ipsum dolor sit amet, consectetu","A",5,PRELIMINARY
auditSection-15,auditReport-01,"Lorem ipsum dolor sit amet, consectetu","Lo",5,PRELIMINARY
auditSection-16,auditReport-01,"Lorem ipsum dolor sit amet, consectetu","Lorem ipsum dolor sit amet, consectetur adipiscing elit. Sed do: eiusmod tempor incididunt ut labore et dolore magna aliqua! Ut enim ad minim veniam? Quis nostrud exercitation ullamco laboris nisi ut aliquip ex ea commodo consequat. Duis aute irure dolor",5,PRELIMINARY
auditSection-17,auditReport-01,"Lorem ipsum dolor sit amet, consectetu","Lorem ipsum dolor sit amet, consectetur adipiscing elit. Sed do: eiusmod tempor incididunt ut labore et dolore magna aliqua. Ut enim ad minim veniam, quis nostrud exercitation ullamco laboris nisi ut aliquip ex ea commodo consequat. Duis aute irure dolor*",5,PRELIMINARY
auditSection-18,auditReport-01,"Lorem ipsum dolor sit amet, consectetu","<p>Preliminary <strong>audit findings</strong> with detailed observations.</p>",5,PRELIMINARY
auditSection-19,auditReport-01,"Lorem ipsum dolor sit amet, consectetu","Review completed'; UPDATE audit_section SET hours=10; --",5,PRELIMINARY
auditSection-20,auditReport-01,"Lorem ipsum dolor sit amet, consectetu","<script>alert('Test');</script> Lorem ipsum dolor sit amet",5,PRELIMINARY
auditSection-21,auditReport-01,"Lorem ipsum dolor sit amet, consectetu","โลเร็ม อิปซัม",5,PRELIMINARY
auditSection-22,auditReport-01,"Lorem ipsum dolor sit amet, consectetu","洛伦·伊普森",5,PRELIMINARY
auditSection-23,auditReport-01,"Lorem ipsum dolor sit amet, consectetu","لوريم إيبسوم",5,PRELIMINARY
#hours - standar
auditSection-24,auditReport-01,"Lorem ipsum dolor sit amet, consectetu","Lorem ipsum dolor sit amet,consectetur adipiscing elit. Sed do: eiusmod tempor incididunt ut labore et dolore magna aliqua! Ut*",0,PRELIMINARY
auditSection-25,auditReport-01,"Lorem ipsum dolor sit amet, consectetu","Lorem ipsum dolor sit amet,consectetur adipiscing elit. Sed do: eiusmod tempor incididunt ut labore et dolore magna aliqua! Ut*",1,PRELIMINARY
auditSection-26,auditReport-01,"Lorem ipsum dolor sit amet, consectetu","Lorem ipsum dolor sit amet,consectetur adipiscing elit. Sed do: eiusmod tempor incididunt ut labore et dolore magna aliqua! Ut*",999,PRELIMINARY
auditSection-27,auditReport-01,"Lorem ipsum dolor sit amet, consectetu","Lorem ipsum dolor sit amet,consectetur adipiscing elit. Sed do: eiusmod tempor incididunt ut labore et dolore magna aliqua! Ut*",1000,PRELIMINARY
#kind - standar
auditSection-28,auditReport-01,"Lorem ipsum dolor sit amet, consectetu","Lorem ipsum dolor sit amet,consectetur adipiscing elit. Sed do: eiusmod tempor incididunt ut labore et dolore magna aliqua! Ut*",5,PRELIMINARY
auditSection-29,auditReport-01,"Lorem ipsum dolor sit amet, consectetu","Lorem ipsum dolor sit amet,consectetur adipiscing elit. Sed do: eiusmod tempor incididunt ut labore et dolore magna aliqua! Ut*",5,EVALUATION
auditSection-30,auditReport-01,"Lorem ipsum dolor sit amet, consectetu","Lorem ipsum dolor sit amet,consectetur adipiscing elit. Sed do: eiusmod tempor incididunt ut labore et dolore magna aliqua! Ut*",5,CONCLUSION